

insert into employee_master values('E00001','Ram','Manager','Finance','M','1973-12-01','2000-01-01');
insert into employee_master values('E00002','Abhay','Assistant Manager','Finance','M','1976-01-01','2006-12-01');
insert into employee_master values('E00003','Anita','Senior Executive','Marketing','F','1977-05-12','2007-03-21');
insert into employee_master values('E00004','Zuben','Manager','Marketing','M','1974-10-12','2003-07-23');
insert into employee_master values('E00005','Radhica','Manager','HR','F','1976-07-22','2004-01-23');
insert into employee_master values('E00006','John','Executive','HR','M','1983-11-08','2010-05-17');


insert into item_master values('I00001','Tea Table','Y','Wooden','Furniture',5000);
insert into item_master values('I00002','Dinning Table','N','Wooden','Furniture',15000);
insert into item_master values('I00003','Tea Table','N','Steel','Furniture',6000);
insert into item_master values('I00004','Side Table','Y','Wooden','Furniture',2000);    
insert into item_master values('I00005','Side Table','Y','Steel','Furniture',1500);
insert into item_master values('I00006','Tea Table','N','Steel','Furniture',7000);
insert into item_master values('I00007','Dinning Chair','Y','Wooden','Furniture',1500);
insert into item_master values('I00008','Tea Table','Y','Wooden','Furniture',4000);
insert into item_master values('I00009','Sofa','N','Wooden','Furniture',18000);
insert into item_master values('I00010','Cupboard','Y','Steel','Furniture',10000);
insert into item_master values('I00011','Cupboard','N','Steel','Furniture',14000);
insert into item_master values('I00012','Double Bed','Y','Wooden','Furniture',21000);
insert into item_master values('I00013','Double Bed','Y','Wooden','Furniture',20000);
insert into item_master values('I00014','Single Bed','Y','Steel','Furniture',10000);
insert into item_master values('I00015','Single Bed','N','Steel','Furniture',10000);
insert into item_master values('I00016','Tea Set','Y','Glass','Crockery',3000);
insert into item_master values('I00017','Tea Set','Y','Bonechina','Crockery',4000);   
insert into item_master values('I00018','Dinning Set','Y','Glass','Crockery',4500);
insert into item_master values('I00019','Dinning Set','N','Bonechina','Crockery',5000);
insert into item_master values('I00020','Pencil','Y','Wooden','Stationary',5);
insert into item_master values('I00021','Pen','Y','Plastic','Stationary',100);
insert into item_master values('I00022','Pen','N','Plastic','Stationary',200);




insert into loan_card_master values('L00001','Furniture',5);    
insert into loan_card_master values('L00002','Stationary',0);    
insert into loan_card_master values('L00003','Crockery',1);   
 




insert into employee_issue_details values('ISS001','E00001','I00001','2012-02-03','2014-02-03'); 
insert into employee_issue_details values('ISS002','E00001','I00004','2012-02-03','2020-02-03');
insert into employee_issue_details values('ISS003','E00002','I00005','2013-01-03','2015-01-03');
insert into employee_issue_details values('ISS004','E00003','I00007','2010-07-04','2012-07-04');
insert into employee_issue_details values('ISS005','E00003','I00008','2010-07-04','2012-08-05');
insert into employee_issue_details values('ISS006','E00003','I00010','2012-03-14','2012-06-15');
insert into employee_issue_details values('ISS007','E00004','I00012','2013-04-14','2016-04-14');
insert into employee_issue_details values('ISS008','E00006','I00018','2012-08-18','2019-04-17');
insert into employee_issue_details values('ISS009','E00004','I00018','2013-04-18','2013-05-18');





insert into  employee_card_details values('E00001','L00001','2000-01-01');
insert into  employee_card_details values('E00001','L00002','2000-01-01');
insert into  employee_card_details values('E00001','L00003','2002-12-14');
insert into  employee_card_details values('E00002','L00001','2007-02-01');
insert into  employee_card_details values('E00002','L00002','2007-03-11');
insert into  employee_card_details values('E00003','L00001','2007-04-15');
insert into  employee_card_details values('E00003','L00002','2007-04-15');
insert into  employee_card_details values('E00003','L00003','2007-04-15');



